<?xml version="1.0" encoding="utf-8"?>
<install version="1.5" type="plugin" group="user">
	<name>SugarCRM SOAP Users Sync (J-SugarCRM UserSync)</name>
	<author>Antonio Musarra</author>
	<creationDate>Dicembre 2010</creationDate>
	<copyright>Copyright(C) 2010 Antonio Musarra. All rights reserved.</copyright>
	<license>http://www.gnu.org/licenses/gpl-3.0.html GNU/GPL</license>
	<authorEmail>antonio.musarra@gmail.com</authorEmail>
	<authorUrl>http://musarra.wordpress.com</authorUrl>
	<version>1.0.0</version>
	<description>Users Sync Plugin for SugarCRM (Version 6.1 CE, Pro, Ent)</description>
	<files>
		<filename plugin="sugarcrmusersync">sugarcrmusersync.php</filename>
		<filename>SugarCRMUserSync/ICRMUserSyncClient.php</filename>
		<filename>SugarCRMUserSync/CRMUserSyncClientFactory.php</filename>
		<filename>SugarCRMUserSync/UserModel.php</filename>
		<filename>SugarCRMUserSync/SOAP_SugarCRMUserSyncClient.php</filename>
	</files>
	<params>
		<param name="SoapEndPoint" type="text" size="50" default="http://www.example.it/soap.php?wsdl" label="SOAP End Point" description="The SugarCRM SOAP WSDL (Web Services Description Language) HTTP location (example: http://www.example.it/soap.php?wsdl)" />
		<param name="ApplicationName" type="text" size="50" default="MyJoomlaCMSPortal" label="Application Name" description="The Application Name that identify SOAP Client" />
		<param name="SugarCRMEd" type="radio" default="0" label="Select SugarCRM Edition" description="Select the SugarCRM Edition">
			<option value="0">Community Edition</option>
			<option value="1">Professional Edition</option>
			<option value="2">Enterprise Edition</option>
		</param>
		<param name="PortalUserAPI" type="text" size="20" default="" label="Portal User API" description="The SugarCRM Portal API User" />
		<param name="PortalUserAPIPassword" type="password" size="20" default="" label="Portal User API Password" description="The SugarCRM Portal API User Password" />
		<param name="SyncUserPassword" type="radio" default="0" label="Enable a Sync User Password" description="Enable a Sync User Password">
			<option value="0">No</option>
			<option value="1">Yes</option>
		</param>
		<param name="DebugEnabled" type="radio" default="0" label="Enable a SOAP Debug" description="Enable debug mode on log file (logs/sugarcrmauth.log)">
			<option value="0">No</option>
			<option value="1">Yes</option>
		</param>
		<param name="WSDLCache" type="radio" default="0" label="Enable WSDL Cache" description="Enable WSDL Cache">
			<option value="0">No</option>
			<option value="1">Yes</option>
		</param>
		<param name="LogFile" type="text" size="50" default="user_crm_sync.log" label="Log file" description="The Plugin log file." />
	</params>
</install>